nickname,password,watchword,admin,created_at
dinner-project-admin-Fv4C,eO8AByysu4JZ8oB1NQKc,k4m235o,TRUE,2024/8/10 10:10
管理者,fDiXmahlzmKFkCKA,k4m235o,FALSE,2024/8/11 10:10
名無しのコンサルタント,,k4m235o,FALSE,2024/8/10 10:11
toru,toru0222,k4m235o,FALSE,2024/8/10 10:12
777,amos0333,k4m235o,FALSE,2024/8/10 10:13
ダルシム,fight0444,k4m235o,FALSE,2024/8/10 10:14
蝕,hage0555,k4m235o,FALSE,2024/8/11 10:14
猫ちゃん,morimori0666,k4m235o,FALSE,2024/8/12 10:14
魅惑のマーメイド,pann0777,k4m235o,FALSE,2024/8/13 10:14
宿儺,ryomen0888,k4m235o,FALSE,2024/8/14 10:14
AA,nana0999,k4m235o,FALSE,2024/8/15 10:14
__chiki.k_,rhksflwk01,k4m235o,FALSE,2024/8/16 10:14
匿名コンサルタント,rhksflwk02,k4m235o,FALSE,2024/8/17 10:14
@,rhksflwk03,k4m235o,FALSE,2024/8/18 10:14
Excel_Master,rhksflwk04,k4m235o,FALSE,2024/8/19 10:14
風見鶏,rhksflwk05,k4m235o,FALSE,2024/8/20 10:14
A,rhksflwk06,k4m235o,FALSE,2024/8/21 10:14
Ton,rhksflwk07,k4m235o,FALSE,2024/8/22 10:14
XXX,alzTpPuWdWAhbzlJ,k4m235o,FALSE,2024/8/23 10:14
Excel Master,rQNLjhtvTN1SAO3e,k4m235o,FALSE,2024/8/24 10:14